Address,Common Name,Latitude,Longitude,Total,Substances,Noise
2345 SHERIDAN RD,,42.06073809999999,-87.677095,1,0,0
 CHURCH ST,,42.0483394,-87.70101009999999,2,0,0
SHERIDAN RD AND CAMPUS DR,,42.050169,-87.6743965,1,0,0
2236 SHERMAN AVE,,42.0587059,-87.68162869999999,5,0,0
621 GARRETT PL,,42.0564649,-87.6782029,3,0,0
718 FOSTER ST,,42.053635,-87.6808456,3,0,1
2045 MAPLE AVE,,42.055521,-87.684313,7,0,6
617 NOYES ST,National High School Institute,42.0586083,-87.67813249999999,5,0,0
1123 NOYES ST,,42.058713,-87.687063,1,1,0
711 UNIVERSITY PL,Kappa Delta,42.0513486,-87.6806611,7,2,0
900 FOSTER ST,,42.0539097,-87.6832137,18,1,0
MCCORMICK BLVD AND GREEN BAY RD,,42.0597956,-87.6949298,1,0,0
1018 GARNETT PL,,42.0528831,-87.68574040000001,2,0,1
1947 CAMPUS DR,,42.0520778,-87.6735446,1,0,0
 2300 N CAMPUS DR ,,42.0590799,-87.673463,1,0,0
1600 RIDGE AVE,,42.047417,-87.689272,3,0,0
1850 CAMPUS DR,Locy Hall,42.0510319,-87.67388869999999,6,0,0
601 UNIVERSITY PL,Scott Hall,42.0509586,-87.67755079999999,48,1,3
2300 SHERMAN AVE,,42.059535,-87.6820584,1,0,0
1700 CHICAGO AVE,,42.047745,-87.6789081,1,0,0
639 LIBRARY PL,,42.055224,-87.67917299999999,1,0,0
2031 PRATT CT,,42.055064,-87.68554999999999,1,0,0
ORRINGTON AVE AND GARRETT PL,,42.0562359,-87.6796651,1,0,0
 2300 CAMPUS DR ,,42.0562473,-87.67350030000001,2,0,0
1600 ASBURY AVE,,42.0470969,-87.6901455,3,0,0
1510 CHICAGO AVE,,42.0455631,-87.6805467,1,0,0
 1900 SHERIDAN RD ,,42.0520864,-87.67726449999999,1,0,0
726 UNIVERSITY PL,Chapin Hall,42.0510416,-87.6812257,22,18,0
624 CLARK ST,NU Apartments,42.0495469,-87.67944399999999,1,0,0
577 LINCOLN ST,,42.0617661,-87.6759873,1,1,0
233 SUPERIOR ST,,0,0,1,0,0
2600 ASHLAND AVE,,42.0642916,-87.6938646,2,0,0
2234 CAMPUS DR,,42.0562473,-87.67350030000001,1,0,0
2021 RIDGE AVE,,42.0547117,-87.686866,4,0,1
GREEN BAY RD AND EMERSON ST,,42.0521746,-87.6885581,1,0,0
 2000 SHERIDAN RD ,,42.0542925,-87.6776452,1,0,0
629 GARRETT PL,,42.05655,-87.678652,1,0,0
 2033 SHERIDAN RD ,,42.0547974,-87.6763192,1,0,0
1008 DAVIS ST,,42.0467825,-87.6855145,3,0,0
1000 LAKE ST,,42.0441398,-87.68505069999999,1,1,0
 2170 N CAMPUS DR ,,42.0588367,-87.67416329999999,1,0,0
2221 CAMPUS DR,Soccer Field,42.0562473,-87.67350030000001,10,0,0
 GREEN BAY RD,,42.0601312,-87.6953413,2,0,0
1847 CAMPUS DR,Parking Structure,42.0502605,-87.6739886,32,0,0
1700 SHERMAN AVE,,42.0485969,-87.6821262,7,0,0
1633 ORRINGTON AVE,,42.04777360000001,-87.680651,1,0,0
720 UNIVERSITY PL,Human Resources,42.0510579,-87.68084329999999,14,0,0
HINMAN AVE AND CLARK ST,,42.0489789,-87.67638819999999,6,2,0
640 LINCOLN ST,,42.0611133,-87.67922030000001,25,2,0
50 ARTS CIRCLE DR,Pick-Staiger,42.0526907,-87.6721541,15,2,0
2037 PRATT CT,,42.055319,-87.68554499999999,3,0,0
620 GROVE ST,,42.04515430000001,-87.6813158,1,0,0
PRATT CT AND SIMPSON ST,,42.05580459999999,-87.6858771,1,3,0
LINCOLN ST AND SHERMAN AVE,,42.0616944,-87.6816035,1,0,0
2113 MAPLE AVE,,42.05631,-87.68430769999999,2,0,0
1129 FOSTER ST,,42.0539675,-87.6871213,1,0,1
2209 RIDGE AVE,,42.0577074,-87.6856854,3,1,1
909 HAMLIN ST,,42.0553055,-87.68393449999999,5,0,2
SHERMAN AVE AND FOSTER ST,,42.0538824,-87.6817162,3,2,0
1640 CHICAGO AVE,,42.0475917,-87.67956009999999,1,0,0
2219 MAPLE AVE,,42.0582726,-87.6844871,2,1,0
HINMAN AVE AND GROVE ST,,42.0445702,-87.67855259999999,1,0,0
MAPLE AVE AND CLARK ST,,42.0499823,-87.6847811,1,1,0
1860 SHERIDAN RD,,42.0506542,-87.67588599999999,1,0,0
619 EMERSON ST,Urban Affairs,42.0521933,-87.6782842,16,6,0
 2121 SHERIDAN RD ,,42.0562209,-87.6755804,1,0,0
715 LINCOLN ST,,42.06199,-87.6804949,1,0,1
1200 SIMPSON ST,,42.0556613,-87.68715639999999,1,0,1
CLARK ST AND RIDGE AVE,,42.0501346,-87.6883727,1,0,0
910 SIMPSON ST,,42.055589,-87.68387799999999,6,0,1
617 GROVE ST,,42.0456085,-87.68136469999999,1,0,0
1744 DODGE AVE,,42.050057,-87.699277,1,0,0
 2100 BLK CAMPUS DR ,,42.0559386,-87.67411059999999,1,0,0
641 LIBRARY PL,,42.055224,-87.67917299999999,1,0,0
DAVIS ST AND SHERIDAN RD,,42.0445787,-87.67336329999999,1,0,0
1 ARTS CIRCLE DR,,42.0527607,-87.6718058,3,0,0
SHERIDAN RD AND MILBURN ST,,42.0628136,-87.6771009,1,0,0
1015 DAVIS ST,,42.0474342,-87.685763,4,0,0
2703 ASHLAND AVE,,42.0668449,-87.6938102,1,0,0
 2170 CAMPUS DRIVE DR ,,42.0563707,-87.67408329999999,1,0,0
LAKE ST AND CHICAGO AVE,,42.0440799,-87.6805169,1,0,0
 2339 SHERIDAN RD ,,42.0604776,-87.67636379999999,1,0,0
700 ELGIN RD,,42.0499094,-87.67989299999999,2,0,0
2601 SHERIDAN RD,,42.0638959,-87.676189,2,0,0
 619 CLARK ST ,,42.0498139,-87.6790798,1,0,0
831 HAMLIN ST,,42.0552748,-87.68328199999999,2,0,1
2650 RIDGE AVE,,42.0657846,-87.6846776,20,4,0
600 HAVEN ST,,42.0570352,-87.67820549999999,13,0,0
2034 SHERMAN AVE,,42.055197,-87.682052,2,0,2
2020 RIDGE AVE,Development,42.0545341,-87.687445,34,0,1
1711 SHERMAN AVE,,42.0489579,-87.68135869999999,5,0,0
1916 DODGE AVE,,42.0527435,-87.6992192,1,0,0
910 NOYES ST,,42.0582568,-87.68372830000001,1,0,0
1729 EMERSON ST,,42.0521149,-87.69713929999999,1,0,0
815 NOYES ST,,42.058625,-87.6826135,1,0,0
1870 CAMPUS DR,McCormick Tribune,42.0513194,-87.67418119999999,22,0,0
2018 MAPLE AVE,,42.054644,-87.68504399999999,2,1,0
1927 SHERMAN AVE,,42.0528936,-87.68113679999999,1,0,1
 1856 ORRINGTON AVE ,,42.05171840000001,-87.67946549999999,1,0,0
560 LINCOLN ST,,42.0616005,-87.6750648,16,0,1
2123 SHERIDAN RD,Garrett Lot,42.0562219,-87.6771651,4,0,0
 1018 BURR OAKS ST ,,0,0,1,0,0
1017 GARNETT PL,,42.053345,-87.68560599999999,1,1,0
2003 SHERIDAN RD,Andersen Hall,42.05385039999999,-87.67720969999999,1,0,0
2141 SHERMAN AVE,,42.057068,-87.681074,1,0,0
 ELGIN RD,,42.0508001,-87.6821298,1,0,0
 CENTRAL ST,,42.0643653,-87.7048791,5,4,0
 BENSON AVE,,42.0499658,-87.68335189999999,2,0,0
 528 DEMPSTER ST ,,42.0410368,-87.6802634,1,0,0
1834 CHICAGO AVE,,42.0507322,-87.677709,2,0,0
625 GARRETT PL,Executive Vice-President's House,42.05654699999999,-87.678488,8,0,1
1871 ORRINGTON AVE,Kappa Kappa Gamma,42.0520515,-87.67964239999999,14,6,0
 CHICAGO AVE,,42.0349826,-87.6795769,2,0,0
2301 SHERIDAN RD,,42.0592375,-87.6771157,1,0,0
1948 RIDGE AVE,F/M Storage,42.0539754,-87.6878545,4,0,0
SHERIDAN RD AND CHICAGO AVE,,42.0510576,-87.677299,11,5,0
1920 MAPLE AVE,,42.0529,-87.684968,2,0,2
1700 SHERIDAN RD,,42.046574,-87.6741442,2,0,0
2300 CAMPUS DR,,42.0562473,-87.67350030000001,36,3,0
2207 RIDGE AVE,,42.0577412,-87.686143,1,0,0
 1700 BLK RIDGE AVE ,,42.0485218,-87.68878409999999,1,0,0
629 NOYES ST,Center for Health Services II,42.058668,-87.678617,3,0,0
EMERSON ST AND BENSON AVE,,42.052091,-87.6832902,1,0,0
1810 CHICAGO AVE,Sociology Department II,42.05002229999999,-87.67820329999999,5,0,0
405 CHURCH ST,Traffic Institute,42.0471817,-87.6758024,6,0,0
2030 ORRINGTON AVE,,42.055039,-87.6800873,1,0,0
HINMAN AVE AND SHERIDAN RD,,42.0505773,-87.6756095,2,0,0
830 FOSTER ST,,42.053921,-87.6828515,1,0,0
618 LIBRARY PL,Family Institute,42.0544283,-87.6779861,20,0,0
1501 MAPLE AVE,,42.044658,-87.684597,1,0,0
1022 EMERSON ST,,42.0518805,-87.6852751,1,0,0
333 SUPERIOR ST,,0,0,1,0,0
815 EMERSON ST,,42.0524851,-87.68260550000001,1,0,0
610 LINCOLN ST,,42.061065,-87.6776986,1,0,0
2401 CAMPUS DR,,42.0562473,-87.67350030000001,2,0,0
2169 CAMPUS DR,Allen Center,42.0564729,-87.67321439999999,47,0,1
1600 BENSON AVE,,42.04703960000001,-87.6834526,1,0,0
617 FOSTER ST,Blomquist Gym,42.05384979999999,-87.6779656,23,0,0
2144 SHERIDAN RD,,42.0572969,-87.677144,1,0,0
2000 SHERIDAN RD,Program on Women,42.0542925,-87.6776452,16,2,0
1915 MAPLE AVE,Engelhart Hall,42.052658,-87.6843851,101,5,6
2331 SHERIDAN RD,Phi Gamma Delta,42.0602184,-87.67666179999999,12,0,3
2150 SHERMAN AVE,,42.0574428,-87.6822012,1,1,0
1633 CHICAGO AVE,,42.0472938,-87.678642,1,0,0
912 SIMPSON ST,,42.0556132,-87.6840376,1,0,0
2707 ASHLAND AVE,Coon Hall,42.0669385,-87.6938078,32,0,0
1001 EMERSON ST,,42.0523396,-87.6851731,1,0,0
2309 SHERIDAN RD,Lindgren House,42.0596748,-87.6769913,8,3,0
1739 SHERMAN AVE,,42.0496619,-87.6815613,1,0,0
676 SAINT CLAIR ST,,41.8945828,-87.6231705,1,0,0
1501 CENTRAL ST,Ryan Field,42.0642783,-87.6928188,233,62,1
2122 MAPLE AVE,,42.05661300000001,-87.685064,1,2,0
2341 SHERIDAN RD,Sigma Phi Epsilon,42.0604927,-87.67710319999999,5,2,0
1100 GARNETT PL,,42.0528994,-87.6862967,2,0,0
2008 PRATT CT,,42.054243,-87.68621900000001,1,0,0
2206 SHERMAN AVE,,42.057714,-87.682196,1,0,1
1117 FOSTER ST,,42.0541205,-87.6867955,1,1,0
2100 GREEN BAY RD,,42.0640467,-87.6989079,1,0,0
2102 MAPLE AVE,,42.055952,-87.68502699999999,3,0,1
CHICAGO AVE AND DAVIS ST,,42.0462024,-87.6796557,1,0,0
2219 RIDGE AVE,,42.0581212,-87.6858614,1,0,0
2190 CAMPUS DR,Ryan Hall,42.0567362,-87.6744444,25,0,1
2135 SHERIDAN RD,,42.0569387,-87.6771495,1,0,0
2133 SHERIDAN RD,Ford Engineering,42.0568987,-87.6770544,26,0,1
1824 SHERIDAN RD,,42.0499431,-87.6743845,1,0,0
1616 HINMAN AVE,,42.0465299,-87.67812,1,0,0
628 LIBRARY PL,,42.054719,-87.67868100000001,3,0,0
1006 FOSTER ST,,42.0537119,-87.6851174,1,0,0
1611 RIDGE AVE,,42.0475412,-87.6883982,1,0,0
EMERSON ST AND SHERIDAN RD,,42.0520743,-87.6772654,5,0,0
1970 ORRINGTON AVE,,42.0537824,-87.6797124,1,0,0
FOSTER ST AND PRATT CT,,42.0539419,-87.6858908,1,1,0
 620 LIBRARY PL ,,42.054856,-87.6784081,1,0,0
1715 CHICAGO AVE,,42.04846329999999,-87.6780601,3,2,0
1470 ELMWOOD AVE,,42.0446876,-87.6835208,1,0,0
1930 RIDGE AVE,,42.05337,-87.68802199999999,4,0,0
2201 CAMPUS DR,Larc Drive,42.0562473,-87.67350030000001,9,0,0
 GARNETT PL,,42.053092,-87.6847135,3,0,0
70 ARTS CIRCLE DR,Bienen Music School,42.0517463,-87.6714889,23,0,1
2381 CAMPUS DR,Northbeach,42.0562473,-87.67350030000001,2,0,0
1932 MAPLE AVE,,42.0533887,-87.6849647,1,0,0
2046 SHERIDAN RD,,42.055612,-87.6775846,1,0,0
2146 ORRINGTON AVE,,42.057226,-87.68021999999999,1,0,0
EMERSON ST AND RIDGE AVE,,42.0521515,-87.6878608,1,0,0
SHERIDAN RD AND GARRETT PL,,42.0562277,-87.677165,6,0,0
715 FOSTER ST,,42.05418700000001,-87.68057999999999,1,0,0
1402 CENTRAL ST,,42.0638552,-87.6910175,1,0,0
2201 MAPLE AVE,,42.057708,-87.68417199999999,1,0,0
1700 MAPLE AVE,,42.0488468,-87.6850209,4,0,0
1100 CHURCH ST,,42.048231,-87.68713799999999,1,0,0
NOYES ST AND RIDGE AVE,,42.0584521,-87.6858427,1,0,0
30 ARTS CIRCLE DR,,42.0527607,-87.6718058,2,0,0
1841 CAMPUS DR,,42.0502605,-87.6739886,10,0,0
811 FOSTER ST,,42.0540007,-87.68237769999999,2,1,0
900 SIMPSON ST,,42.055801,-87.68352999999999,1,1,0
1619 RIDGE AVE,,42.0479714,-87.6886347,1,0,1
623 NOYES ST,,42.058377,-87.67838069999999,2,0,0
2122 SHERIDAN RD,Seabury-Western ,42.0570147,-87.67786459999999,15,3,0
1823 SHERMAN AVE,Music Practice,42.05061190000001,-87.68171439999999,6,0,1
1629 ORRINGTON AVE,,42.0475667,-87.6805207,1,0,0
1941 DARROW AVE,,42.053568,-87.69689199999999,1,0,0
 40 ARTS CIRCLE ,,42.0522113,-87.6726894,1,0,0
2014 SHERMAN AVE,,42.05457,-87.682204,1,0,0
 1835 HINMAN AVE ,,42.0497772,-87.67566,1,0,0
 725 HINMAN AVE ,,42.0313109,-87.6767279,1,0,0
1720 ORRINGTON AVE,,42.04895519999999,-87.6804513,1,0,0
 584 LINCOLN ST ,,42.0614708,-87.67611649999999,1,0,0
GREEN BAY RD AND RIDGE AVE,,42.05150140000001,-87.6881956,1,0,0
1400 CHICAGO AVE,,42.0428224,-87.680954,2,0,0
1999 SHERIDAN RD,,42.0507832,-87.6763682,1,0,0
1900 GREEN BAY RD,,42.0525932,-87.68908599999999,4,0,0
2217 RIDGE AVE,,42.0580519,-87.6859171,2,0,2
908 HAMLIN ST,,42.0548464,-87.6840062,3,0,1
1845 SHERIDAN RD,Fisk Hall,42.0507029,-87.6741602,25,0,0
817 HAMLIN ST,,42.055292,-87.682642,2,0,0
1600 ORRINGTON AVE,,42.0471431,-87.6815799,1,0,0
1943 SHERMAN AVE,,42.053591,-87.681353,2,0,0
 2400 BLOCK SHERIDAN RD ,,42.06120600000001,-87.677629,1,0,0
NOYES ST AND SHERIDAN RD,,42.0583613,-87.6771292,6,0,1
637 UNIVERSITY PL,Alpha Chi Omega,42.0514381,-87.6789439,10,4,0
 NOYES ST,,42.0581038,-87.7034422,5,0,0
1642 MAPLE AVE,,42.0482563,-87.6855704,1,0,0
1601 SHERMAN AVE,,42.047294,-87.681564,2,0,0
BROWN AVE AND SIMPSON ST,,42.0556243,-87.7003709,1,0,0
516 CHURCH ST,,42.0470671,-87.6779238,1,0,0
2122 ORRINGTON AVE,,42.056436,-87.68023,1,0,0
2211 MAPLE AVE,,42.0579377,-87.68433329999999,4,0,3
2100 CAMPUS DR,,42.0559386,-87.67411059999999,15,0,0
826 SIMPSON ST,,42.0555779,-87.68306899999999,1,0,0
DODGE AVE AND SIMPSON ST,,42.0556434,-87.6988131,1,0,0
1940 SHERMAN AVE,,42.05372029999999,-87.68203770000001,4,2,0
1800 SHERMAN AVE,,42.050293,-87.6822569,39,4,1
1700 DODGE AVE,,42.0485165,-87.6992111,1,0,0
1927 MAPLE AVE,,42.0530432,-87.684714,1,0,0
1720 MAPLE AVE,,42.049392,-87.685327,1,0,0
1012 GARNETT PL,,42.052864,-87.685431,1,2,0
2300 ORRINGTON AVE,,42.061107,-87.68058599999999,1,0,0
1705 RIDGE AVE,,42.0487076,-87.6884295,1,0,1
 900 BLOCK CHURCH ST ,,42.0482929,-87.6839301,1,0,0
1918 MAPLE AVE,,42.052816,-87.68496999999999,3,2,0
1621 RIDGE AVE,,42.0480537,-87.6886392,1,0,0
1600 FOREST PL,,42.04484850000001,-87.67455559999999,1,0,0
1900 JACKSON AVE,,42.052211,-87.6928801,1,0,0
629 FOSTER ST,Hillel Center,42.0541379,-87.67868159999999,4,0,0
600 DAVIS ST,,42.0460891,-87.67995839999999,1,0,0
1911 CENTRAL ST,,42.0645297,-87.6994339,1,0,0
1105 SIMPSON ST,,42.056028,-87.6861,1,0,0
2210 SHERMAN AVE,,42.05797750000001,-87.6820915,1,0,0
LIBRARY PL AND SHERIDAN RD,,42.05500139999999,-87.6771799,1,0,0
FOSTER ST AND ORRINGTON AVE,,42.0538615,-87.6797095,2,0,0
DEMPSTER ST AND DODGE AVE,,42.0411181,-87.69913939999999,1,0,0
629 COLFAX ST,Art Department Studios,42.06083,-87.678574,4,0,0
SHERMAN AVE AND UNIVERSITY PL,,42.0512563,-87.6818407,1,0,0
1839 CAMPUS DR,,42.0502605,-87.6739886,2,0,0
2300 RIDGE AVE,,42.0594271,-87.6854637,2,0,0
2245 MAPLE AVE,,42.0583286,-87.6845814,1,0,0
2204 ORRINGTON AVE,,42.0575627,-87.6801249,1,0,0
813 GAFFIELD PL,,42.0571144,-87.682368,1,0,0
2300 NOYES CT,,42.0597348,-87.6829812,9,0,0
SHERIDAN RD AND NOYES ST,,42.0583613,-87.6771292,8,4,0
SHERMAN AVE AND GROVE ST,,42.04547720000001,-87.6819031,2,0,0
1801 HINMAN AVE,Admissions,42.04915,-87.67580819999999,13,0,0
720 FOSTER ST,,42.053654,-87.6808719,3,0,1
 2400 BLK SHERIDAN RD ,,42.06120600000001,-87.677629,1,0,0
2135 ORRINGTON AVE,,42.05687100000001,-87.679141,2,0,0
SHERIDAN RD AND DARTMOUTH ST,,42.0593629,-87.67711419999999,1,0,0
2321 CAMPUS DR,,42.0590799,-87.673463,1,1,0
2207 SHERMAN AVE,,42.05777399999999,-87.681067,2,0,0
1861 SHERIDAN RD,West Fairchild,42.0510276,-87.6755712,43,14,2
 2120 CAMPUS DR ,,42.0560662,-87.6745112,2,0,0
2247 RIDGE AVE,,42.0589495,-87.6851518,2,0,0
2133 RIDGE AVE,,42.0566019,-87.6858372,1,0,0
CHURCH ST AND DODGE AVE,,42.0483751,-87.698982,1,0,0
 RESIDENCE HALL ,,42.0597641,-87.6757727,2,0,0
2311 CAMPUS DR,Sports & Aquatics Center,42.05978229999999,-87.6729662,176,0,4
 2311 CAMPUS DR ,,42.05978229999999,-87.6729662,3,0,0
 SIMPSON / GREEN BAY ,,42.0559835,-87.6925187,1,0,0
UNIVERSITY PL AND OAK AVE,,42.0510713,-87.6865499,1,0,0
1516 OAK AVE,,42.0452589,-87.6868556,1,0,0
1897 SHERIDAN RD,University Hall,42.0518441,-87.67599249999999,22,0,2
2110 SHERIDAN RD,Sheil Catholic Center,42.0559575,-87.6776778,5,0,0
2600 SHERIDAN RD,,42.0640477,-87.6770889,1,0,0
EMERSON ST AND MAPLE AVE,,42.0521156,-87.68472299999999,1,0,0
1800 SHERIDAN RD,John Evans Center,42.0491203,-87.67511859999999,32,3,0
SHERIDAN RD AND INGLESIDE PL,,42.0670723,-87.67839699999999,1,0,0
40 ARTS CIRCLE DR,Block Museum,42.0522113,-87.6726894,6,0,1
1000 GARNETT PL,,42.0531003,-87.6852272,2,1,0
 900 MAPLE AVE ,,42.0340072,-87.6852198,1,0,0
717 EMERSON ST,,42.0522544,-87.6806201,5,1,0
2157 RIDGE AVE,,42.057492,-87.68570199999999,1,0,1
817 UNIVERSITY PL,,42.0514651,-87.68275109999999,1,0,0
800 EMERSON ST,,42.0520767,-87.68175749999999,5,0,0
2303 SHERIDAN RD,CCS,42.0593218,-87.6766698,27,4,2
2601 ORRINGTON AVE,Wieboldt House,42.0644407,-87.6788483,9,0,2
2031 SHERIDAN RD,,42.0548284,-87.675967,2,0,0
2146 SHERIDAN RD,,42.0578329,-87.6771373,2,0,0
2233 TECH DR,Mudd Library,42.0570876,-87.6757308,16,0,0
1918 ORRINGTON AVE,,42.0527917,-87.6801215,2,0,0
 CAMPUS DR / LARC DRIVE ,,0,0,1,0,0
1121 GARNETT PL,,42.05331049999999,-87.68719759999999,1,0,0
 1801 MAPLE AVE ,,42.0503815,-87.68424430000002,2,0,0
620 CHURCH ST,,42.0480316,-87.6800251,4,0,0
1010 CHURCH ST,,42.0483477,-87.6856554,1,0,0
711 EMERSON ST,,42.0522746,-87.6803808,1,0,1
1921 SHERMAN AVE,,42.0529202,-87.6813461,2,0,0
2021 SHERIDAN RD,Cresap ,42.0548831,-87.674931,7,1,0
1420 CENTRAL ST,,42.0641104,-87.6918407,1,0,0
1900 RIDGE AVE,,42.0521458,-87.687862,6,1,0
EMERSON ST AND MCCORMICK BLVD,,42.0525195,-87.7092832,1,0,0
SHERIDAN RD AND TECH DR,,42.0585535,-87.6771265,1,0,0
2023 ASBURY AVE,,42.0549013,-87.6879328,1,0,0
1937 SHERIDAN RD,Deering Library,42.0507157,-87.6761159,15,0,0
823 INGLESIDE PL,,42.0673259,-87.682232,1,0,0
2121 SHERIDAN RD,Garrett Seminary,42.0562209,-87.6755804,28,0,0
1818 MAPLE AVE,,42.0506791,-87.68518279999999,2,0,0
1600 MAPLE AVE,,42.0470486,-87.68496689999999,1,0,0
 1823 CAMPUS DR ,,42.0509228,-87.67148879999999,1,0,0
823 EMERSON ST,,42.052415,-87.68306199999999,1,0,0
927 DAVIS ST,,42.0472149,-87.6847834,1,0,0
1820 CHICAGO AVE,Allison Hall,42.0504851,-87.67801150000001,136,72,1
SHERMAN AVE AND NOYES ST,,42.0584266,-87.6816133,1,0,0
LEON PL AND RIDGE AVE,,42.0549061,-87.687164,4,1,0
400 CLARK ST,,42.048395,-87.675077,1,0,0
310 SUPERIOR ST,Morton Medical,0,0,1,0,0
1924 SHERMAN AVE,,42.053053,-87.682193,1,0,0
1841 SHERIDAN RD,SIEGEL VISITOR CENTER,42.0503531,-87.6734784,22,0,0
531 LINCOLN ST,,42.0615984,-87.6749627,1,0,0
900 GAFFIELD PL,,42.0569613,-87.6838482,2,2,0
800 NOYES ST,,42.0584266,-87.68162319999999,4,0,0
1300 LINCOLN ST,,42.0621428,-87.6894216,1,0,0
2347 SHERIDAN RD,Phi Delta Theta,42.0607822,-87.6761353,12,0,1
1900 ASBURY AVE,,42.052413,-87.69035099999999,1,0,0
2349 SHERIDAN RD,Beta Theta Pi,42.061102,-87.6769698,13,2,2
 2705 ASHLAND AVE ,,42.0669302,-87.6924432,1,0,0
 60 ARTS CIRCLE DR ,,42.0521894,-87.67142659999999,1,0,0
1936 MAPLE AVE,,42.0533763,-87.6849534,2,0,0
1100 EMERSON ST,,42.05182,-87.68629299999999,1,0,0
1517 CHICAGO AVE,,42.045721,-87.679886,1,0,0
800 CHURCH ST,,42.0484716,-87.68185129999999,1,0,0
1229 LEON PL,,42.05518199999999,-87.688586,1,0,0
1845 CAMPUS DR,,42.0502605,-87.6739886,1,0,0
MAPLE AVE AND SIMPSON ST,,42.0558142,-87.6846576,2,0,0
1935 SHERIDAN RD,,42.0507135,-87.6761078,4,0,0
1900 SHERIDAN RD,,42.0520864,-87.67726449999999,16,2,0
1301 CHICAGO AVE,,42.0413576,-87.6803259,1,0,0
1500 GROVE ST,,42.044936,-87.689381,1,0,0
1818 HINMAN AVE,Philosophy Department II,42.0497538,-87.6764433,5,0,0
600 GARRETT PL,,42.0562599,-87.6757925,1,0,0
817 EMERSON ST,,42.052413,-87.68275,4,0,0
630 EMERSON ST,Hobart House,42.0520786,-87.6784806,17,2,0
2212 SHERMAN AVE,,42.0581135,-87.6824117,2,1,1
822 HAMLIN ST,,42.0548307,-87.6828834,15,0,10
2603 SHERIDAN RD,,42.0640864,-87.6765406,1,0,0
339 CHICAGO AVE,,42.025247,-87.6777517,1,0,0
2210 MAPLE AVE,,42.0579493,-87.6848589,1,0,0
2002 PRATT CT,,42.054102,-87.686223,2,0,0
2142 MAPLE AVE,,42.057308,-87.685069,9,2,2
1735 CHICAGO AVE,,42.0484934,-87.6781431,2,0,0
2131 SHERMAN AVE,,42.056764,-87.681079,2,0,0
633 EMERSON ST,Student Health,42.0522868,-87.6788622,186,0,0
1819 HINMAN AVE,ACADEMIC OFFICE,42.0495512,-87.6761105,58,2,0
1922 SHERIDAN RD,College of Art/Sciences II,42.0529433,-87.67761279999999,7,0,0
1730 CHICAGO AVE,,42.0489108,-87.6787255,1,0,0
1909 ASBURY AVE,,42.052655,-87.68975999999999,1,0,0
1838 CAMPUS DR,,42.0502605,-87.6739886,1,0,0
RIDGE AVE AND CENTRAL ST,,42.0641594,-87.6835282,1,0,0
 SHERMAN AVE,,42.0434566,-87.681923,16,2,0
1113 GRANT ST,,42.059717,-87.686809,1,0,0
 ORRINGTON AVE,,42.0562359,-87.6796651,4,0,0
828 SIMPSON ST,,42.0555774,-87.68322979999999,10,0,7
 2529 W FITCH ST ,,42.0110389,-87.693668,1,0,0
1300 CHICAGO AVE,,42.0411843,-87.6805684,1,0,0
SHERIDAN RD AND LIBRARY PL,,42.05500139999999,-87.6771799,1,0,0
1024 FOSTER ST,,42.053693,-87.685985,2,0,0
2420 CAMPUS DR,Kemper Hall,42.0609938,-87.6749603,49,23,3
700 EMERSON ST,,42.0520824,-87.6790955,1,0,0
918 SIMPSON ST,,42.0556613,-87.68433879999999,2,0,2
1033 UNIVERSITY PL,,42.051097,-87.68609000000001,3,0,0
1018 FOSTER ST,,42.0537461,-87.6856378,1,0,0
912 HAMLIN ST,,42.0547759,-87.684143,9,0,6
CLARK ST AND JUDSON AVE,,42.0485706,-87.67472459999999,1,1,0
1703 RIDGE AVE,,42.048844,-87.68842200000002,3,0,1
1725 SHERMAN AVE,,42.04933949999999,-87.6814438,1,0,0
2151 RIDGE AVE,,42.0573738,-87.6858621,3,0,1
 1501 CENTRAL ST ,,42.0642783,-87.6928188,3,0,0
823 HAMLIN ST,,42.055304,-87.682857,1,0,0
900 NOYES ST,,42.058455,-87.6842729,2,0,0
1637 ORRINGTON AVE,,42.0478211,-87.68057669999999,2,0,0
1617 RIDGE AVE,,42.0478891,-87.68863019999999,1,0,1
SHERIDAN RD AND HAVEN ST,,42.0572969,-87.677144,1,1,0
1800 GREY AVE,,42.05025639999999,-87.70272659999999,1,0,0
 2100 BLOCK CAMPUS DR ,,42.0559386,-87.67411059999999,1,0,0
2006 SHERIDAN RD,Statistics,42.05416,-87.67765229999999,1,0,0
808 HAMLIN ST,,42.05487900000001,-87.682344,1,0,0
636 CHURCH ST,,42.04801490000001,-87.68046969999999,1,0,0
1856 SHERMAN AVE,,42.0517033,-87.6820309,1,1,0
738 NOYES ST,,42.0583988,-87.680373,1,0,0
640 EMERSON ST,Gamma Phi Beta,42.0519925,-87.6794268,10,1,0
1813 HINMAN AVE,Journalism/Advertising,42.0493804,-87.6757669,4,0,0
1118 FOSTER ST,,42.053706,-87.68683399999999,4,3,2
1100 FOSTER ST,,42.0539422,-87.6859058,3,4,0
CHURCH ST AND BENSON AVE,,42.0484748,-87.68338759999999,1,0,0
 2400 BLK SHERIDAN PL ,,42.06871,-87.6798587,1,0,0
 LAKE ST,,42.0442884,-87.69508019999999,2,0,0
2140 SHERMAN AVE,,42.057067,-87.68202000000001,1,0,0
721 CENTRAL ST,,42.0643427,-87.68066209999999,3,0,0
913 HAMLIN ST,,42.05531999999999,-87.684083,1,2,0
 2220 CAMPUS DR ,,42.0577785,-87.6733929,3,0,0
820 DAVIS ST,,42.0466618,-87.6829625,1,0,0
1914 SHERIDAN RD,African/Amer. Student Affairs,42.0525829,-87.677722,3,0,0
1125 DAVIS ST,,42.047376,-87.6879958,1,0,0
732 COLFAX ST,,42.060267,-87.68132299999999,1,0,0
1001 DAVIS ST,,42.0472354,-87.6851609,1,0,0
1501 ASHLAND AVE,,42.044944,-87.6930919,2,0,0
625 UNIVERSITY PL,Delta Delta Delta,42.0510895,-87.6782875,6,0,1
2307 ORRINGTON AVE,,42.0595981,-87.6792366,1,1,0
1865 SHERMAN AVE,Willard Hall,42.05141589999999,-87.6808972,87,40,0
617 HAVEN ST,Naval ROTC,42.0575323,-87.6781749,2,0,0
2107 RIDGE AVE,,42.05605449999999,-87.6868095,1,0,0
1600 OAK AVE,,42.0470957,-87.68682700000001,1,3,0
817 NOYES ST,,42.0585564,-87.6826293,1,0,0
 NORTH CAMPUS RESIDENCE ,,42.05268909999999,-87.6843921,1,0,0
1900 MAPLE AVE,,42.0521254,-87.68472290000001,3,0,0
2016 SHERIDAN RD,Linguistics,42.0542963,-87.6771973,1,0,0
630 DARTMOUTH ST,International Office,42.059103,-87.678539,6,0,0
1800 OAK AVE,,42.0510819,-87.6865497,1,0,0
2224 SHERMAN AVE,,42.0581279,-87.6824184,1,0,0
1856 ORRINGTON AVE,NU Residence IV,42.05171840000001,-87.67946549999999,7,5,0
2106 MAPLE AVE,,42.0560979,-87.6850132,1,0,0
2131 TECH DR,Dearborn Observatory,42.0567266,-87.6750742,1,0,0
1906 ORRINGTON AVE,,42.0523809,-87.680131,1,2,0
1238 SIMPSON ST,,42.0556245,-87.6890256,1,2,0
1116 FOSTER ST,,42.053704,-87.686723,7,0,6
DAVIS ST AND OAK AVE,,42.04708129999999,-87.68682749999999,2,0,0
1000 FOSTER ST,,42.0537541,-87.68488579999999,5,0,0
619 COLFAX ST,NU Home,42.060826,-87.678113,13,2,1
1900 ORRINGTON AVE,College Apartments,42.0521834,-87.6800201,5,0,0
2235 CAMPUS DR,,42.0562473,-87.67350030000001,2,0,0
576 LINCOLN ST,Zeta Beta Tau,42.0615835,-87.6757013,8,0,1
1881 CAMPUS DR,,42.0517022,-87.6735868,1,0,0
1800 MAPLE AVE,,42.0500262,-87.6851305,4,0,2
2307 SHERIDAN RD,Delta Upsilon,42.0596301,-87.67699160000001,5,0,0
1010 FOSTER ST,,42.053686,-87.685339,2,2,0
1603 ORRINGTON AVE,Bank One,42.0471351,-87.6807264,1,0,0
 739 HINMAN AVE ,,42.03174660000001,-87.6773154,1,0,0
2019 RIDGE AVE,,42.0546162,-87.68684499999999,4,0,1
 UNKNOWN ,,0,0,2,0,0
2030 MAPLE AVE,,42.055057,-87.685037,1,0,0
807 CHURCH ST,,42.0485785,-87.682454,1,0,0
1113 FOSTER ST,,42.054181,-87.686669,3,0,0
1801 MAPLE AVE,ITECH,42.0503815,-87.68424430000002,27,0,0
1103 SIMPSON ST,,42.056019,-87.68600400000001,6,0,2
2335 SHERIDAN RD,Sigma Nu,42.0603947,-87.67664789999999,12,0,1
 NORTH CAMPUS RESIDENCE HALL ,,42.0597641,-87.6757727,2,0,0
1855 SHERMAN AVE,,42.0511428,-87.6816903,1,0,0
2305 SHERIDAN RD,Bobb Hall,42.05958090000001,-87.6755259,107,58,6
1918 SHERIDAN RD,College of Art/Sciences,42.0527547,-87.67766590000001,3,0,0
2100 SHERIDAN RD,,42.0558337,-87.6771706,22,2,0
699 UNIVERSITY PL,South Quads,42.0511346,-87.6794438,1,0,0
2121 RIDGE AVE,,42.0563175,-87.68621999999999,1,0,1
 2200 BLOCK OF CAMPUS DR ,,42.0571651,-87.6735707,1,0,0
655 UNIVERSITY PL,South Mid-Quad,42.0513822,-87.67968739999999,18,10,0
 1880 CAMPUS DR ,,42.0515711,-87.67493250000001,2,0,0
2100 RIDGE AVE,,42.0567323,-87.6873493,14,6,0
2205 RIDGE AVE,,42.0577543,-87.6854472,1,2,0
1970 CAMPUS DR,University Library,42.053528,-87.674066,148,3,1
1701 SHERMAN AVE,,42.04861469999999,-87.68136679999999,1,0,0
2200 SHERIDAN RD,North Quad,42.05754659999999,-87.6776648,7,2,0
2115 MAPLE AVE,,42.056342,-87.68419899999999,6,1,1
ORRINGTON AVE AND FOSTER ST,,42.0538615,-87.6797095,1,0,0
2203 RIDGE AVE,,42.0577475,-87.68543660000002,1,0,0
 1800 BLOCK CAMPUS DR ,,42.05160679999999,-87.67473799999999,2,0,0
2314 SHERMAN AVE,,42.060063,-87.68179900000001,1,0,0
626 UNIVERSITY PL,Shepard Hall,42.0510931,-87.6785345,39,17,0
2018 PRATT CT,,42.0546215,-87.6861569,4,0,3
2141 MAPLE AVE,,42.057229,-87.684291,6,0,3
830 NOYES ST,,42.058455,-87.6842641,1,0,0
2112 ORRINGTON AVE,,42.0561696,-87.6801382,1,0,0
637 EMERSON ST,,42.0520818,-87.67897920000001,1,0,0
1802 LAKE ST,,42.04402,-87.69793899999999,1,0,0
2034 ORRINGTON AVE,,42.055197,-87.68026499999999,1,0,0
1500 CENTRAL ST,,42.0640988,-87.6924514,4,0,0
829 FOSTER ST,,42.0541052,-87.6832141,3,0,0
2033 SHERIDAN RD,Lunt Hall,42.0547974,-87.6763192,14,2,2
EMERSON ST AND SHERMAN AVE,,42.0520765,-87.68174979999999,4,2,0
1740 ORRINGTON AVE,,42.04974490000001,-87.6804109,15,2,0
1115 EMERSON ST,,42.0523415,-87.68705059999999,4,0,0
1815 CHICAGO AVE,Community Studies Department,42.0498537,-87.67733400000002,2,0,0
 2705 ASHALND AVE ,,42.0669302,-87.6924432,1,0,0
ORRINGTON AVE AND HAVEN ST,,42.0573298,-87.6796457,1,0,0
1808 CHICAGO AVE,,42.0499087,-87.678291,1,0,0
1200 DAVIS ST,,42.04649149999999,-87.6894065,2,0,0
548 LINCOLN ST,,42.0615944,-87.6747666,1,1,0
SHERMAN AVE AND DAVIS ST,,42.04680219999999,-87.6818457,1,0,0
815 GAFFIELD PL,,42.057114,-87.682486,1,0,0
2870 SHERIDAN PL,VP Student Affairs Executive Residence,42.069657,-87.6813559,1,0,0
1119 FOSTER ST,,42.054178,-87.68691100000001,4,2,1
2013 RIDGE AVE,,42.05442499999999,-87.686848,1,2,0
 2221 CAMPUS DR ,,42.0562473,-87.67350030000001,1,0,0
RIDGE AVE AND GROVE ST,,42.0456274,-87.688608,3,0,0
1112 GARNETT PL,,42.05290890000001,-87.6868574,1,0,0
2025 CAMPUS DR,,42.0534135,-87.6734153,1,0,0
2135 RIDGE AVE,,42.0566152,-87.68582239999999,1,0,0
 NOYES ST AND HAVEN ST ,,42.0581038,-87.7034422,1,0,0
619 UNIVERSITY PL,Kappa Alpha Theta,42.051431,-87.67833540000001,12,0,0
1700 HINMAN AVE,,42.04772759999999,-87.6776033,2,0,0
828 GAFFIELD PL,,42.05668259999999,-87.6831654,3,0,2
 1501 CENTRAL AVE ,,42.0642783,-87.6928188,3,0,0
1810 HINMAN AVE,Anthropology,42.0495716,-87.6768941,2,0,0
500 DAVIS ST,,42.0456384,-87.6785659,2,0,0
922 NOYES ST,,42.0583177,-87.68414609999999,1,2,0
2313 SHERIDAN RD,Chi Psi,42.0595081,-87.6766571,25,0,6
626 EMERSON ST,,42.051838,-87.678693,3,1,0
 NORTH CAMPUS STUDENT RESIDENCE ,,42.0599759,-87.67558070000001,1,0,0
 2300 BLOCK SHERIDAN RD ,,42.0593957,-87.6771141,1,0,0
2170 CAMPUS DR,Silverman Hall,42.0563707,-87.67408329999999,18,0,1
1800 HARTREY AVE,,42.0502259,-87.7039202,1,0,0
2230 TECH DR,,42.0570876,-87.6757308,1,0,0
500 CLARK ST,,42.0489814,-87.6763971,4,0,0
ELGIN RD AND BENSON AVE,,42.0516162,-87.6832746,1,2,0
MAPLE AVE AND UNIVERSITY PL,,42.0513033,-87.68473879999999,1,0,0
837 LINCOLN ST,,42.0619563,-87.68335820000001,1,0,0
 ASBURY AVE,,42.0442088,-87.6901931,1,0,0
617 LIBRARY PL,,42.0552661,-87.6781756,4,0,0
 SOUTH CAMPUS RESIDENCE ,,42.0514078,-87.67761999999999,1,0,0
1946 ORRINGTON AVE,,42.053731,-87.68021399999999,2,0,1
 SHERIDAN RD,,42.0474906,-87.6743094,32,2,0
2151 SHERIDAN RD,,42.05750190000001,-87.677144,1,0,0
809 FOSTER ST,,42.0540662,-87.68229529999999,1,0,1
2100 ASHLAND AVE,,42.05572979999999,-87.6941724,1,2,0
625 NOYES ST,Center for Health Services,42.058378,-87.6784617,1,0,0
1850 SHERMAN AVE,,42.051465,-87.6820013,1,0,0
 1970 CAMPUS DR ,,42.053528,-87.674066,3,0,0
1220 LEON PL,,42.0549059,-87.6871974,1,0,0
2047 ASBURY AVE,,42.0556413,-87.689255,7,0,6
566 LINCOLN ST,Pi Kappa Alpha,42.0616031,-87.6751956,4,2,0
2313 CAMPUS DR,,42.0590799,-87.673463,1,0,1
1949 CAMPUS DR,Theatre and Interp,42.0520918,-87.67312299999999,32,1,2
600 UNIVERSITY PL,,42.0509586,-87.67755079999999,11,8,0
817 DAVIS ST,,42.0471898,-87.68314649999999,3,0,0
 1820 CHICAGO AVE ,,42.0504851,-87.67801150000001,1,0,0
1812 HINMAN AVE,,42.0496178,-87.6765547,1,0,0
2400 CHURCH ST,,42.04824319999999,-87.70675299999999,1,0,0
2301 CAMPUS DR,Lakefill,42.0562473,-87.67350030000001,53,9,1
620 LIBRARY PL,African Affairs,42.054856,-87.6784081,3,0,0
2253 RIDGE AVE,,42.0592665,-87.6849739,3,0,0
627 DARTMOUTH ST,Center for Teching Excellence,42.05966890000001,-87.67853649999999,1,0,0
726 CLARK ST,,42.0496465,-87.681246,1,0,0
1725 ORRINGTON AVE,McManus Living Center,42.0490243,-87.6795649,47,2,6
619 CLARK ST,Bursar's Office/Business Office,42.0498139,-87.6790798,27,0,1
1500 ASBURY AVE,,42.045057,-87.690654,1,0,0
1000 EMERSON ST,,42.0521202,-87.68518739999999,3,0,0
2213 RIDGE AVE,,42.058012,-87.685581,4,0,2
2204 SHERMAN AVE,,42.05769660000001,-87.68160739999999,2,0,0
2457 PRAIRIE AVE,,42.0629239,-87.6992999,1,0,0
1925 RIDGE AVE,,42.0527999,-87.68739939999999,1,0,0
2112 SHERIDAN RD,,42.0559935,-87.67716829999999,1,0,0
 1900 BLOCK OF SHERIDAN RD ,,42.0520864,-87.67726449999999,1,0,0
1812 CHICAGO AVE,Sociology Department III,42.0501,-87.678169,6,0,0
1113 CLARK ST,,42.050256,-87.6875282,1,0,0
2253 SHERIDAN RD,Foster House,42.05910310000001,-87.676675,6,3,0
 1600 BENSON ST ,,42.04703960000001,-87.6834526,1,0,0
1239 EMERSON ST,,42.052479,-87.68981199999999,1,0,0
SHERMAN AVE AND SIMPSON ST,,42.0557093,-87.6816803,1,0,0
1927 SHERIDAN RD,,42.0507048,-87.6760752,1,0,0
1014 NOYES ST,,42.058404,-87.68539349999999,2,0,0
2311 SHERIDAN RD,,42.0596723,-87.67711249999999,2,0,0
HINMAN AVE AND CHURCH ST,,42.0472818,-87.6772098,1,0,0
2006 SHERMAN AVE,,42.054137,-87.681833,3,0,0
2004 ORRINGTON AVE,,42.0543587,-87.67981999999999,1,0,0
1937 CAMPUS DR,,42.0520778,-87.6735446,2,0,0
 633 EMERSON ST ,,42.0522868,-87.6788622,1,0,0
623 GARRETT PL,,42.0565445,-87.6782135,3,0,0
2339 SHERIDAN RD,Lambda Chi Alpha,42.0604776,-87.67636379999999,8,1,2
2325 SHERIDAN RD,Sigma Alpha Epsilon,42.0599928,-87.67665749999999,20,6,4
1026 GARNETT PL,,42.0528783,-87.68612449999999,2,0,0
2137 ORRINGTON AVE,,42.0568899,-87.67965350000001,1,0,0
1622 RIDGE AVE,,42.0480189,-87.68926990000001,1,0,0
 2300 BLOCK OF CAMPUS DR ,,42.0562473,-87.67350030000001,2,0,0
900 DAVIS ST,,42.0470427,-87.6836788,1,0,0
300 SUPERIOR ST,Tarry Building,0,0,1,0,0
 1000 DAVIS (NORTH ALLEY) ST ,,42.0468401,-87.6852033,1,0,0
1911 GREEN BAY RD,,42.05284380000001,-87.68905330000001,2,0,0
FOSTER ST AND SHERIDAN RD,,42.0538387,-87.67721,3,0,0
800 CLINTON PL,,42.0652953,-87.681507,1,0,0
2222 SHERMAN AVE,,42.0581121,-87.6824074,2,0,0
911 FOSTER ST,,42.0541258,-87.6840136,2,0,0
920 UNIVERSITY PL,FM Operations Shops,42.0512916,-87.68397689999999,1,0,0
2215 RIDGE AVE,,42.0579162,-87.6860596,1,0,1
 CLARK ST,,42.0499744,-87.681473,4,0,0
1835 HINMAN AVE,Hinman Dorm,42.0497772,-87.67566,108,57,2
1700 JUDSON AVE,,42.0468499,-87.6755008,4,0,0
1220 GRANT ST,,42.0591816,-87.68886979999999,1,0,0
BENSON AVE AND ELGIN RD,,42.0516162,-87.6832746,3,0,0
1638 RIDGE AVE,,42.0482057,-87.6887689,1,0,0
2001 SHERIDAN RD,Jacobs Center,42.0538563,-87.67653870000001,143,0,2
1420 CHICAGO AVE,,42.0434292,-87.6809575,1,0,0
2649 ORRINGTON AVE,,42.065832,-87.67902099999999,1,0,0
720 EMERSON ST,Sigma Alpha Iota,42.0510483,-87.67945069999999,6,0,0
1901 SHERMAN AVE,,42.052359,-87.681472,1,0,0
2033 SHERMAN AVE,,42.0550491,-87.6811445,1,0,0
 2601 ORRINGTON AVE ,,42.0644407,-87.6788483,1,0,0
2234 SHERMAN AVE,,42.058653,-87.6817355,1,2,0
2038 SHERMAN AVE,,42.055395,-87.68218600000002,1,0,0
2701 ASHLAND AVE,Anderson Hall,42.0667871,-87.69381159999999,17,0,0
1900 CAMPUS DR,Center ,42.0520778,-87.6735446,19,1,0
 620 CLARK (EAST ALLEY) ST ,,42.0495318,-87.679245,1,0,0
1515 CHICAGO AVE,,42.0455309,-87.6794848,1,0,0
917 SIMPSON ST,,42.0558068,-87.68402979999999,1,1,0
ELGIN RD AND SHERMAN AVE,,42.05057619999999,-87.68171629999999,2,0,0
800 FOSTER ST,,42.0538824,-87.6817162,2,0,0
SIMPSON ST AND ASBURY AVE,,42.055803,-87.6895322,1,0,1
800 DAVIS ST,,42.04659119999999,-87.68204349999999,1,0,0
 1845 SHERIDAN RD ,,42.0507029,-87.6741602,2,0,0
 UNKNOWN OFF CAMPUS ,,0,0,1,0,0
1840 CAMPUS DR,,42.0502605,-87.6739886,2,0,0
1720 OAK AVE,,42.04931759999999,-87.6872094,1,0,0
CHURCH ST AND ASBURY AVE,,42.04854,-87.69011599999999,1,0,0
1000 UNIVERSITY PL,,42.0510564,-87.6856231,3,0,0
1800 RAILROAD AVE,,42.0508219,-87.6868574,2,0,0
1920 CAMPUS DR,Annie May Swift,42.0522864,-87.67505609999999,10,0,0
2026 CAMPUS DR,Central Utility Plant,42.0533728,-87.67341739999999,6,0,0
1612 BENSON AVE,,42.0475258,-87.68355179999999,2,0,0
 2601 SHERIDAN RD ,,42.0638959,-87.676189,1,0,1
 LAKE SHORE DR / LAWRENCE AVE ,,0,0,1,0,0
1001 CHURCH ST,,42.049053,-87.686246,1,0,0
1703 ORRINGTON AVE,,42.0484179,-87.6800063,3,0,0
2147 MAPLE AVE,,42.0574384,-87.6842401,2,0,1
728 CLARK ST,,42.0498148,-87.6813915,1,0,0
1820 CAMPUS DR,,42.0588367,-87.67416329999999,1,0,0
2200 CAMPUS DR,Pancoe,42.0571651,-87.6735707,37,2,1
 SIMPSON ST / BRIDGE AVE ,,42.0555546,-87.70453529999999,1,0,0
1850 SHERIDAN RD,,42.0503786,-87.6748447,1,0,1
2321 RIDGE AVE,,42.060029,-87.68483300000001,1,3,0
 901 NOYES ST ,,42.058455,-87.6842599,1,0,0
550 LINCOLN ST,,42.0615048,-87.6747841,1,0,0
1300 CENTRAL ST,,42.063968,-87.689751,2,1,0
CHURCH ST AND ORRINGTON AVE,,42.0482358,-87.68077219999999,2,0,0
 1800 SHERMAN AVE ,,42.050293,-87.6822569,1,0,0
2317 SHERIDAN RD,Delta Tau Delta,42.0599265,-87.6766141,9,0,0
2240 CAMPUS DR,Searle C/D,42.05847440000001,-87.67365079999999,44,2,1
 618 SHERIDAN SQUARE ,,42.0288386,-87.6692181,1,0,0
700 SIMPSON ST,,42.0555767,-87.6796904,1,0,1
1309 SIMPSON ST,,42.0559397,-87.6900955,1,0,0
 655 UNIVERSITY PL ,,42.0513822,-87.67968739999999,1,0,0
819 SIMPSON ST,,42.056089,-87.68269099999999,1,0,0
1809 CHICAGO AVE,Debate Society (Hardy House),42.0496979,-87.67749110000001,1,0,0
1600 CENTRAL ST,,42.0641143,-87.6940681,1,0,0
SHERIDAN RD AND EMERSON ST,,42.0520743,-87.6772654,8,2,0
 2310 OAKTON AVE ,,42.0261709,-87.70630170000001,1,0,0
619 LIBRARY PL,NU Home V,42.0552689,-87.67833929999999,3,0,0
811 SIMPSON ST,,42.0558697,-87.6824537,3,0,0
721 EMERSON ST,,42.0520575,-87.68077919999999,1,0,0
2200 RIDGE AVE,,42.0574278,-87.6862953,3,0,0
1710 ORRINGTON AVE,,42.0489645,-87.68072749999999,6,0,0
717 UNIVERSITY PL,Delta Zeta,42.0514344,-87.680821,12,3,0
2303 RIDGE AVE,,42.059409,-87.685045,3,1,2
1600 HINMAN AVE,,42.0462934,-87.678556,1,0,0
MAPLE AVE AND GARNETT PL,,42.053092,-87.6847135,2,1,0
1400 RIDGE AVE,,42.0427367,-87.68843749999999,4,1,0
 640 LINCON ST ,,42.0611133,-87.67922030000001,1,0,0
901 DAVIS ST,,42.0492313,-87.684281,2,0,0
900 HAMLIN ST,,42.0550921,-87.6838683,6,6,0
SIMPSON ST AND GREEN BAY RD,,42.0557573,-87.6915982,1,0,0
1630 CHICAGO AVE,,42.04753609999999,-87.6795325,11,0,0
1999 CAMPUS DR,Norris Center,42.0533926,-87.67266719999999,267,20,1
1102 FOSTER ST,,42.053696,-87.68612399999999,7,0,5
600 NOYES ST,,42.0583614,-87.6771381,2,0,0
LIBRARY PL AND ORRINGTON AVE,,42.0550386,-87.6796841,1,0,0
CENTRAL ST AND RIDGE AVE,,42.0641594,-87.6835282,1,0,0
1710 SHERMAN AVE,,42.04887950000001,-87.68231159999999,2,1,0
1740 HINMAN AVE,,42.04881,-87.67678029999999,1,0,1
614 CLARK ST,,42.0494557,-87.6789859,3,0,0
1100 NOYES ST,,42.0584414,-87.68587629999999,1,0,0
 2100 SHERIDAD RD ,,42.0558337,-87.6771706,1,0,0
 CAMPUS DR ,,42.0556274,-87.6740913,2,1,0
2237 SHERMAN AVE,,42.0588539,-87.681073,1,0,0
2147 SHERMAN AVE,,42.057279,-87.681073,4,0,1
 GROVE ST,,42.0455179,-87.697727,1,0,0
2000 CAMPUS DR,,42.0533728,-87.67341739999999,4,0,0
2315 CAMPUS DR,North Garage,42.0562473,-87.67350030000001,20,0,0
1700 RIDGE AVE,,42.0485218,-87.68878409999999,2,1,0
2247 SHERIDAN RD,Phi Kappa Psi,42.0590003,-87.67577720000001,14,5,1
 2400 BLOCK OF SHERIDAN RD ,,42.06120600000001,-87.677629,1,0,0
SHERMAN AVE AND MILBURN ST,,42.0628564,-87.6816058,1,0,0
1490 CHICAGO AVE,,42.0448847,-87.6807927,1,0,0
1633 OAK AVE,,42.0483115,-87.68647159999999,1,0,0
NOYES ST AND SHERMAN AVE,,42.0584266,-87.6816133,3,0,0
1890 MAPLE AVE,Institute for Learning Science,42.051806,-87.685298,3,0,0
 FOSTER ST,,42.0537656,-87.7023617,7,1,0
 SIMPSON ST,,42.0555546,-87.70453529999999,1,0,0
 / LAKE STREET/SHERMAN AVENUE ,,42.04431020000001,-87.6809358,1,0,0
2400 CAMPUS DR,,42.0562473,-87.67350030000001,3,0,0
 LINCOLN ST,,42.06220039999999,-87.6957018,3,1,0
2005 PRATT CT,,42.054236,-87.68556699999999,1,0,0
721 UNIVERSITY PL,Evans Scholars,42.0512422,-87.68098169999999,11,0,0
 1847 CAMPUS DR ,,42.0502605,-87.6739886,1,0,0
 HINMAN AVE,,42.0388364,-87.67881200000001,5,2,0
CHURCH ST AND RIDGE AVE,,42.04851000000001,-87.6887856,2,0,0
 2233 TECH DR ,,42.0570876,-87.6757308,2,0,0
2255 CAMPUS DR,,42.0562473,-87.67350030000001,1,0,0
1104 GARNETT PL,,42.052877,-87.68641699999999,2,0,0
CLARK ST AND SHERMAN AVE,,42.0499718,-87.6817171,1,0,0
1618 SHERMAN AVE,,42.0478277,-87.6821138,1,0,0
600 EMERSON ST,Cahn Auditorium,42.0520743,-87.6772654,25,0,1
1838 CHICAGO AVE,PARC Hall,42.0509466,-87.6779911,48,31,1
618 EMERSON ST,,42.0519474,-87.6784761,1,0,0
900 CLARK ST,,42.0497191,-87.6840102,2,0,0
620 CLARK ST,,42.0495318,-87.679245,8,1,0
2600 RIDGE AVE,,42.06417039999999,-87.6835254,1,0,0
ORRINGTON AVE AND CENTRAL ST,,42.0640853,-87.6795159,1,0,0
2000 SHERMAN AVE,,42.0540546,-87.6820216,2,2,0
1241 EMERSON ST,,42.0524613,-87.6898216,1,0,0
1603 RIDGE AVE,,42.04740899999999,-87.68818,5,0,1
2200 ORRINGTON AVE,,42.05750279999999,-87.6796456,1,0,0
1800 HINMAN AVE,,42.0489789,-87.67638819999999,3,0,0
1883 CAMPUS DR,,42.0517022,-87.6735868,1,0,0
2145 SHERIDAN RD,Technological Institute,42.0574875,-87.67581740000001,354,7,15
1206 CHURCH ST,,42.0483256,-87.6893322,1,0,0
2305 CAMPUS DR,,42.0562473,-87.67350030000001,1,0,0
1610 MAPLE AVE,,42.0474971,-87.6853472,1,0,0
1520 SHERMAN AVE,,42.0453608,-87.6821775,1,0,0
600 LINCOLN ST,NU Residence III,42.0613239,-87.67834069999999,5,0,0
1723 SHERMAN AVE,,42.049256,-87.6815297,1,0,0
1000 SIMPSON ST,,42.0558079,-87.68546099999999,1,0,0
ASHLAND AVE AND NOYES ST,,42.0582781,-87.69414789999999,1,0,0
572 LINCOLN ST,,42.0610603,-87.67532659999999,1,0,0
DAVIS ST AND HINMAN AVE,,42.045756,-87.67794579999999,1,1,0
 OAK AVE,,42.04415770000001,-87.6868873,1,0,0
1835 DODGE AVE,,42.05147909999999,-87.6986434,1,0,0
1410 CHICAGO AVE,,42.04309500000001,-87.680987,1,0,0
ASBURY AVE AND EMERSON ST,,42.0522345,-87.69006329999999,2,0,0
1009 NOYES ST,,42.0586841,-87.6851622,1,0,0
1300 SIMPSON ST,,42.0558027,-87.6895454,1,0,0
610 HAVEN ST,,42.057301,-87.6773937,1,0,0
2100 ORRINGTON AVE,,42.0555765,-87.67968040000001,1,0,0
700 FOSTER ST,,42.0538615,-87.6797095,3,0,0
1936 SHERIDAN RD,Multi-Cultural Center,42.0533483,-87.67767099999999,6,0,0
700 CLARK ST,,42.0497524,-87.6800847,2,0,0
1513 HINMAN AVE,,42.0448524,-87.6775937,6,0,0
2315 SHERIDAN RD,McCulloch Hall,42.0598528,-87.6769894,82,58,1
818 HAMLIN ST,,42.054764,-87.68268599999999,1,2,0
1103 GARNETT PL,,42.0533076,-87.6863824,1,0,0
2145 CAMPUS DR,,42.05607010000001,-87.6740107,2,0,0
SHERMAN AVE AND ELGIN RD,,42.05057619999999,-87.68171629999999,1,1,0
 NOYES CT,,42.0588481,-87.6828755,1,0,0
624 NOYES ST,NU Home VI,42.0581772,-87.678448,1,0,0
2333 RIDGE AVE,,42.060449,-87.68468899999999,1,0,0
1620 ORRINGTON AVE,,42.0475224,-87.68150519999999,1,0,0
2001 PRATT CT,,42.05409299999999,-87.685569,2,1,0
2323 CAMPUS DR,,42.0562473,-87.67350030000001,2,0,0
1880 CAMPUS DR,Kresge Hall,42.0515711,-87.67493250000001,54,0,1
2000 RIDGE AVE,,42.0542704,-87.68732159999999,2,0,0
2016 SHERMAN AVE,,42.05457,-87.682204,1,0,0
909 GAFFIELD PL,,42.057159,-87.68397,1,0,0
803 LINCOLN ST,,42.061994,-87.68185299999999,2,0,0
 2145 SHERIDAN RD ,,42.0574875,-87.67581740000001,6,0,0
2400 RIDGE AVE,,42.0612444,-87.68470529999999,3,0,0
SHERMAN AVE AND LINCOLN ST,,42.0616944,-87.6816035,1,0,0
1700 BENSON AVE,,42.0484803,-87.6833875,1,0,0
810 SIMPSON ST,,42.0556185,-87.6824579,1,0,0
1300 WESLEY AVE,,42.0412532,-87.6920974,1,0,0
1009 DAVIS ST,,42.047299,-87.685492,2,0,0
MAPLE AVE AND FOSTER ST,,42.0539321,-87.68469619999999,2,0,0
647 UNIVERSITY PL,Rogers House,42.0513973,-87.6792323,3,0,0
2407 SHERIDAN RD,Patten Gym,42.06130719999999,-87.67662390000001,28,6,0
1800 ASBURY AVE,,42.0505953,-87.6904742,1,0,0
2122 CAMPUS DR,,42.0559498,-87.6741041,1,0,0
RIDGE AVE AND LAKE ST,,42.0441881,-87.6885199,2,0,0
605 GARRETT PL,,42.0564462,-87.6776436,4,0,0
2331 ORRINGTON AVE,,42.0603,-87.679098,1,0,0
1454 ELMWOOD AVE,,42.04465,-87.683959,20,3,0
2220 CAMPUS DR,Cook Hall,42.0577785,-87.6733929,247,3,34
555 CLARK ST,University Relations,42.0495022,-87.6775847,12,0,1
1007 CHURCH ST,,42.0488081,-87.6863893,1,0,0
2401 SHERIDAN RD,,42.0612887,-87.6770889,1,0,0
COLFAX ST AND ORRINGTON AVE,,42.0605238,-87.6796133,1,0,0
 DAVIS ST,,42.0471095,-87.6956848,5,0,0
722 CLARK ST,,42.0496935,-87.68129569999999,3,0,0
2116 EWING AVE,,42.0560722,-87.7132678,3,0,0
807 DAVIS ST,,42.0472517,-87.68251529999999,2,0,0
SHERIDAN RD AND FOSTER ST,,42.0538387,-87.67721,4,0,1
1870 ORRINGTON AVE,Chi Omega,42.0518229,-87.6801507,8,0,0
1877 CAMPUS DR,Studio Building,42.0517058,-87.673272,10,0,1
2008 SHERMAN AVE,,42.054224,-87.682119,2,0,0
NOYES ST AND ORRINGTON AVE,,42.0583925,-87.67964529999999,3,1,0
ASBURY AVE AND DAVIS ST,,42.0470969,-87.6901455,1,0,0
1500 RIDGE AVE,,42.04540919999999,-87.6885946,2,0,0
990 GROVE ST,,42.0453347,-87.6844437,2,0,0
2249 SHERIDAN RD,Sigma Chi,42.0590446,-87.6761475,3,0,1
CHICAGO AVE AND CLARK ST,,42.0494453,-87.6780924,1,0,0
2240 SHERIDAN RD,,42.0585202,-87.677127,1,0,0
1800 CHICAGO AVE,,42.0494453,-87.6780924,2,2,0
800 ELGIN RD,,42.0507998,-87.682929,7,0,0
EMERSON ST AND GREEN BAY RD,,42.0521746,-87.6885581,1,0,0
1501 SHERMAN AVE,,42.0444027,-87.6815105,1,1,0
1908 SHERIDAN RD,Educational ,42.052386,-87.67794200000002,4,0,0
640 COLFAX ST,,42.0605145,-87.6780573,2,0,0
 ISABELLA ST ,,42.06898109999999,-87.7063692,5,2,0
600 CLARK ST,,42.0494478,-87.67810159999999,3,0,0
2205 SHERMAN AVE,,42.0576549,-87.681066,1,1,0
600 FOSTER ST,Transportation Center,42.0536975,-87.6776896,12,2,0
2125 RIDGE AVE,,42.0563411,-87.6859296,1,0,0
2148 MAPLE AVE,,42.05751799999999,-87.685029,3,0,3
2300 SHERIDAN RD,Tennis Courts,42.0593957,-87.6771141,13,0,0
1400 ELMWOOD AVE,,42.0426784,-87.6835675,1,0,0
 618 EMERSON ST ,,42.0519474,-87.6784761,1,0,0
1103 EMERSON ST,,42.0523785,-87.6863084,2,0,0
1104 FOSTER ST,,42.0537505,-87.6862486,1,1,0
CLARK ST AND SHERIDAN RD,,42.0486042,-87.67447709999999,1,0,0
1010 NOYES ST,,42.0583079,-87.684968,3,0,0
2238 SHERMAN AVE,,42.05872309999999,-87.6820923,1,0,1
 1877 CAMPUS DR ,,42.0517058,-87.673272,1,0,0
400 ISABELLA ST,,42.0688085,-87.6923715,1,0,0
1860 CAMPUS DR,Crowe Hall,42.0517022,-87.6735868,16,0,0
816 SIMPSON ST,,42.0555639,-87.682636,4,1,0
2225 RIDGE AVE,,42.058292,-87.6854809,2,0,0
 2001 SHERIDAN RD ,,42.0538563,-87.67653870000001,1,0,0
829 SIMPSON ST,,42.05609200000001,-87.68318500000001,1,0,0
2026 MAPLE AVE,,42.0549427,-87.6849886,2,0,0
1927 ORRINGTON AVE,Foster/Walker,42.0529359,-87.6793296,229,55,9
1450 SHERMAN AVE,,42.044446,-87.682148,1,0,0
2110 MAPLE AVE,,42.0562353,-87.6850182,1,0,0
630 LINCOLN ST,Interview Center,42.0614243,-87.67846569999999,6,0,0
2100 WESLEY AVE,,42.05578819999999,-87.6908529,1,0,0
1115 GARNETT PL,,42.05336200000001,-87.68677699999999,2,0,1
1551 SHERMAN AVE,,42.0456001,-87.6816522,1,0,0
400 CHURCH ST,,42.0468335,-87.67551240000002,1,0,0
827 SIMPSON ST,,42.0559734,-87.6830396,1,0,0
716 FOSTER ST,,42.0536541,-87.6806253,1,0,0
1900 BROWN AVE,,42.0520693,-87.70046719999999,1,0,0
901 NOYES ST,,42.058455,-87.6842599,3,0,0
SHERMAN AVE AND HAMLIN ST,,42.055046,-87.6816961,2,2,0
1600 SHERIDAN RD,,42.0445935,-87.6733682,2,0,0
700 UNIVERSITY PL,South Quad,42.05099939999999,-87.6802543,21,6,0
1913 ASBURY AVE,,42.0528059,-87.6897539,1,0,0
 CHICAGO AVE / WASHINGTON ST ,,42.03280530000001,-87.6923013,1,0,0
CLINTON PL AND SHERIDAN RD,,42.0652317,-87.6775929,1,0,0
1800 CAMPUS DR,,42.05160679999999,-87.67473799999999,10,1,0
825 FOSTER ST,,42.0541478,-87.6830152,1,0,0
718 CLARK ST,,42.0499787,-87.68106689999999,2,0,0
 1949 CAMPUS DR ,,42.0520918,-87.67312299999999,3,0,1
 DEMPSTER ST,,42.0412694,-87.6907083,1,1,0
GREENWOOD ST AND FOWLER AVE,,42.0426085,-87.7068855,1,0,0
2247 CAMPUS DR,Field Hockey Field,42.0562473,-87.67350030000001,9,2,0
820 HAMLIN ST,,42.0548234,-87.6828695,2,0,1
1713 RIDGE AVE,,42.0490377,-87.68835690000002,1,0,1
643 LIBRARY PL,,42.055224,-87.67917299999999,1,1,0
2000 PRATT CT,,42.0539605,-87.68589070000002,1,0,0
2260 SHERMAN AVE,,42.05913,-87.68217899999999,1,0,0
1400 ISABELLA ST,,42.0690517,-87.7127795,1,0,0
710 EMERSON ST,Alpha Delta Pi,42.0518763,-87.680475,11,3,1
900 CHURCH ST,,42.0482929,-87.6839301,1,0,0
RIDGE AVE AND CHURCH ST,,42.04851000000001,-87.6887856,1,0,0
1931 SHERMAN AVE,,42.05318399999999,-87.68117699999999,1,0,0
910 UNIVERSITY PL,FM Operations Shop,42.0512907,-87.6839498,3,0,0
GAFFIELD PL AND SHERMAN AVE,,42.056931,-87.6816333,1,0,0
2745 ASHLAND AVE,,42.0676278,-87.69379029999999,1,0,0
 UNIVERSITY PL ,,42.0512563,-87.6818407,1,0,0
1560 SHERMAN AVE,,42.04602070000001,-87.68262829999999,1,0,0
FOSTER ST AND MAPLE AVE,,42.0539321,-87.68469619999999,2,0,0
GREEN BAY RD AND MCCORMICK BLVD,,42.0597956,-87.6949298,1,0,0
 1999 CAMPUS DR ,,42.0533926,-87.67266719999999,2,0,0
 E SUPERIOR ST / E HURON ST ,,41.8950002,-87.6252841,1,0,0
832 SIMPSON ST,,42.0555615,-87.6833714,1,0,1
1717 RIDGE AVE,,42.0490143,-87.68838629999999,2,0,2
1120 FOSTER ST,,42.053706,-87.686944,2,0,0
2800 SHERIDAN RD,,42.0687167,-87.682885,1,0,0
20 ARTS CIRCLE DR,Louis Theater,42.0527607,-87.6718058,4,0,0
SHERIDAN RD AND CLARK ST,,42.0486042,-87.67447709999999,1,0,0
620 LINCOLN ST,Career Placement,42.0614441,-87.67817749999999,3,0,0
525 CHURCH ST,,42.0474869,-87.6776156,3,0,0
1823 CAMPUS DR,Sailing Center,42.0509228,-87.67148879999999,18,0,0
1709 RIDGE AVE,,42.048739,-87.6886281,1,0,1
2324 CAMPUS DR,Ayers,42.0603915,-87.67509849999999,51,31,1
812 CLARK ST,,42.049785,-87.68251289999999,3,0,0
2006 MAPLE AVE,,42.0542475,-87.6849816,3,0,0
 700 BLOCK OF UNIVERSITY PL ,,42.05099939999999,-87.6802543,2,0,0
2400 SHERIDAN RD,Elder Hall,42.06120600000001,-87.677629,166,80,3
907 GAFFIELD PL,,42.0571368,-87.6837439,11,0,6
633 CLARK ST,Rebecca Crown,42.0506258,-87.679727,50,2,0
2215 MAPLE AVE,,42.0582039,-87.6841542,1,0,0
912 NOYES ST,,42.0582468,-87.6837114,2,0,0
1500 SHERMAN AVE,,42.0448734,-87.6823659,2,0,0
 RIDGE AVE,,42.0441881,-87.6885199,10,2,0
EMERSON ST AND ORRINGTON AVE,,42.0520872,-87.6797536,3,0,0
1729 SHERMAN AVE,,42.0494898,-87.68158040000002,1,0,0
 MAPLE AVE,,42.0526038,-87.6847183,6,2,0
2000 MAPLE AVE,,42.0540637,-87.6849532,2,0,0
1715 MAPLE AVE,,42.0490201,-87.68438189999999,2,0,0
2147 RIDGE AVE,,42.057157,-87.685755,2,0,0
2200 TECH DR,,42.0570876,-87.6757308,1,0,0
822 SIMPSON ST,,42.055576,-87.68290499999999,1,1,0
 2300 RIDGE AVE AVE ,,42.0594271,-87.6854637,2,0,0
625 HAVEN ST,Course Evaluation/Survey Lab,42.05754049999999,-87.6784133,1,0,0
821 DAVIS ST,,42.0473281,-87.683127,2,0,0
601 LINCOLN ST,Long Field,42.0616232,-87.6770942,8,0,0
 2301 CAMPUS DR ,,42.0562473,-87.67350030000001,1,0,0
2214 MAPLE AVE,,42.0582248,-87.68504800000001,1,0,1
222 HURON ST,C-Lot,42.046679,-87.682986,2,0,0
 1820 SHERIDAN RD ,,42.049351,-87.6748818,1,0,0
807 FOSTER ST,,42.0540583,-87.682166,5,2,2
1215 LEONARD PL,,42.05745710000001,-87.6886356,1,1,0
300 LAKE ST,,42.0440018,-87.6749043,1,0,0
GREEN BAY RD AND SIMPSON ST,,42.0557573,-87.6915982,3,0,0
1453 RIDGE AVE,,42.0444402,-87.68824269999999,2,0,0
1847 SHERIDAN RD,,42.050166,-87.6743952,2,0,0
814 CLINTON PL,,42.065042,-87.6820879,1,0,0
 15320 SUNNINGDALE RD ,,0,0,1,0,0
GREEN BAY RD AND NOYES ST,,42.05828030000001,-87.6937785,1,0,0
RIDGE AVE AND FOSTER ST,,42.0539732,-87.68739529999999,2,0,0
LINCOLN ST AND SHERIDAN RD,,42.0616232,-87.6770853,3,2,0
 2400 SHERIDAN RD ,,42.06120600000001,-87.677629,3,2,0
711 ELGIN RD,Music Administration,42.0505822,-87.68051910000001,42,1,3
2245 SHERIDAN RD,Sargent Hall,42.0587265,-87.6754859,121,62,1
1000 GROVE ST,,42.045012,-87.685484,2,0,0
1615 SIMPSON ST,,42.0557036,-87.6949669,1,0,0
734 NOYES ST,,42.0580433,-87.6811128,1,0,0
2321 SHERIDAN RD,Goodrich House,42.06005589999999,-87.6766135,15,5,1
826 NOYES ST,,42.0582054,-87.6831199,1,0,0
SIMPSON ST AND PRATT CT,,42.05580459999999,-87.6858771,1,0,0
 UNKNOWN RESIDENCE HALL EVANSTON ,,42.0597641,-87.6757727,1,0,0
60 ARTS CIRCLE DR,Regenstein,42.0521894,-87.67142659999999,10,2,0
COLFAX ST AND SHERIDAN RD,,42.0604948,-87.67710319999999,1,2,0
1201 DAVIS ST,University Police - DSS,42.047568,-87.68945289999999,132,4,1
1886 MAPLE AVE,,42.0516778,-87.6847315,1,0,0
2029 SHERIDAN RD,Swift Hall,42.055325,-87.67503839999999,26,2,0
1571 SHERMAN AVE,,42.0461478,-87.6813664,1,0,0
1625 ASBURY AVE,,42.0480599,-87.6898236,2,0,0
1900 SHERMAN AVE,,42.05257599999999,-87.682203,5,0,0
 2133 SHERIDAN RD ,,42.0568987,-87.6770544,4,0,0
2200 SHERMAN AVE,,42.0576673,-87.6816252,3,0,1
 2700 ASHAND AVE ,,42.0666951,-87.69381399999999,1,0,0
2650 GREEN BAY RD,,42.0657577,-87.70036379999999,1,0,0
816 CHURCH ST,,42.048238,-87.6828689,1,0,0
 2315 SHERIDAN RD ,,42.0598528,-87.6769894,3,4,0
MAPLE AVE AND EMERSON ST,,42.0521156,-87.68472299999999,1,0,1
1605 RIDGE AVE,,42.0472865,-87.6884279,1,0,0
 2240 CAMPUS DR ,,42.05847440000001,-87.67365079999999,2,0,0
2332 CAMPUS DR,Slivka Hall,42.0604942,-87.67570359999999,45,36,0
531 GROVE ST,,42.0450222,-87.6798165,2,0,0
2251 RIDGE AVE,,42.05929,-87.6853905,1,0,0
1106 GARNETT PL,,42.0529012,-87.6865766,1,0,0
1028 EMERSON ST,,42.0518946,-87.6852662,1,0,0
500 LINCOLN ST,Reservoir Lot,42.0615878,-87.6744399,9,0,0
1855 SHERIDAN RD,East Fairchild,42.0507646,-87.67508029999999,54,18,0
807 NOYES ST,,42.0587199,-87.68227159999999,1,0,1
1100 SIMPSON ST,,42.0558144,-87.6860313,1,0,0
809 DAVIS ST,,42.0473305,-87.6825322,1,0,0
1811 SHERIDAN RD,,42.0490983,-87.6744581,6,0,0
600 COLFAX ST,,42.060495,-87.6771121,1,0,0
825 NOYES ST,,42.0587367,-87.68316589999999,4,1,0
NA,,0,0,193,12,1
2221 RIDGE AVE,,42.0581961,-87.6858283,2,0,0
2705 ASHLAND AVE,McGaw Hall,42.0669302,-87.6924432,45,12,1
375 CHICAGO AVE,,42.0256215,-87.6778381,1,0,0
1300 FOSTER ST,,42.0539962,-87.6903406,1,0,0
2145 MAPLE AVE,,42.057347,-87.68417800000002,1,0,1
650 EMERSON ST,North Mid-Quad,42.0518278,-87.6798982,36,17,1
1881 SHERIDAN RD,Harris Hall,42.0512831,-87.67629079999999,37,2,0
LINCOLN ST AND ORRINGTON AVE,,42.0616497,-87.6796028,2,2,0
ASBURY AVE AND SIMPSON ST,,42.055803,-87.6895322,2,0,0
2500 RIDGE AVE,,42.0634458,-87.68477999999999,1,0,0
2205 TECH DR,Hogan Hall,42.0570876,-87.6757308,30,0,2
 LAKE ST / SHERMAN AVENUE ,,42.04431020000001,-87.6809358,1,0,0
2131 RIDGE AVE,,42.0566004,-87.6858278,3,0,2
 507 LEE ST ,,42.0358363,-87.6786151,1,0,0
10 ARTS CIRCLE DR,Marshall Dance Center,42.0527607,-87.6718058,4,0,0
1856 SHERIDAN RD,,42.0503931,-87.67636569999999,4,0,0
2049 MAPLE AVE,,42.0555442,-87.68466049999999,1,1,0
EMERSON ST AND ASBURY AVE,,42.0522345,-87.69006329999999,3,0,0
1117 GARNETT PL,,42.0533207,-87.68692469999999,1,2,0
1020 FOSTER ST,,42.0537469,-87.68574579999999,2,2,1
2016 MAPLE AVE,,42.0545471,-87.6846801,1,1,0
 EMERSON ST,,42.0520173,-87.7024014,9,0,0
2251 SHERIDAN RD,Kappa Sigma,42.0590495,-87.67641569999999,16,5,8
2034 MAPLE AVE,,42.05521419999999,-87.68495469999999,3,0,0
1025 GARNETT PL,,42.0533081,-87.6859848,1,0,0
2211 CAMPUS DR,,42.0562601,-87.6734929,38,1,0
2100 TECH DR,,42.0570876,-87.6757308,1,0,0
2100 MAPLE AVE,,42.0558142,-87.6846576,3,0,0
636 EMERSON ST,Pi Beta Phi,42.0519217,-87.6791125,10,7,0
724 FOSTER ST,,42.0536559,-87.681112,2,0,0
1202 DAVIS ST,,42.0470877,-87.6893791,1,0,0
1518 CENTRAL ST,,42.0641807,-87.69297449999999,1,0,0
2020 CAMPUS DR,,42.0533728,-87.67341739999999,1,0,0
2049 RIDGE AVE,,42.0555346,-87.686596,1,0,0
1110 GARNETT PL,,42.052881,-87.68669299999999,1,0,1
2700 ASHLAND AVE,West Lot Ryan,42.0666951,-87.69381399999999,9,1,0
CHICAGO AVE AND SHERIDAN RD,,42.0510576,-87.677299,2,0,0
2310 CAMPUS DR,,42.0562473,-87.67350030000001,1,0,0
CLARK ST AND CHICAGO AVE,,42.0494453,-87.6780924,3,1,0
2060 RIDGE AVE,,42.055518,-87.6869881,6,0,1
1400 EMERSON ST,,42.0522089,-87.69193700000001,1,0,0
800 GAFFIELD PL,,42.0569311,-87.681643,1,0,0
701 UNIVERSITY PL,Alpha Phi,42.05143229999999,-87.6801411,11,7,2
SHERMAN AVE AND EMERSON ST,,42.0520765,-87.68174979999999,2,0,0
 1800 BLOCK OF CHICAGO AVE ,,42.0494453,-87.6780924,2,0,0
1200 CHURCH ST,,42.0485102,-87.6887988,1,0,0
1609 RIDGE AVE,,42.0474444,-87.6883816,2,0,0
812 GROVE ST,,42.0455602,-87.682441,1,0,0
1905 SHERMAN AVE,,42.0524221,-87.68146899999999,2,0,0
700 DAVIS ST,,42.0467142,-87.6815343,1,0,0
1108 FOSTER ST,,42.0537,-87.68642899999999,6,0,1
819 GAFFIELD PL,,42.0569893,-87.6827152,3,0,1
 2000 BLOCK OF SHERMAN AVE ,,42.0540546,-87.6820216,1,0,0
SHERIDAN RD AND HINMAN AVE,,42.0505773,-87.6756095,4,0,0
1870 CHICAGO AVE,,42.0508585,-87.6773956,1,0,0
RIDGE AVE AND GARNETT PL,,42.0531385,-87.6876074,1,0,0
2131 ORRINGTON AVE,,42.0567182,-87.6795353,2,0,0
1109 EMERSON ST,,42.0524735,-87.6867044,3,0,0
 800 ELGIN ,,42.050798,-87.68292799999999,1,0,0
1709 BENSON AVE,,42.0488308,-87.6831066,1,0,0
2022 SHERMAN AVE,,42.054742,-87.68218999999999,3,0,0
1979 CAMPUS DR,,42.0534135,-87.6734153,1,0,0
1700 ORRINGTON AVE,,42.0486802,-87.6808015,1,0,0
 617 FOSTER ST ,,42.05384979999999,-87.6779656,1,0,0
2041 PRATT CT,,42.055416,-87.685543,1,0,0
 1861 SHERIDAN RD ,,42.0510276,-87.6755712,1,0,0
 2245 SHERIDAN RD ,,42.0587265,-87.6754859,1,0,0
1311 LEONARD PL,,42.0573935,-87.69011499999999,1,0,0
1015 GARNETT PL,,42.05330439999999,-87.6855171,2,0,0
FOREST AVE AND DAVIS ST,,42.0448449,-87.6745725,1,0,0
830 HAMLIN ST,,42.0548724,-87.6832676,1,0,0
616 NOYES ST,Integrated Science Program,42.0581588,-87.6781657,2,0,0
415 CHURCH ST,Traffic Institute/Coach House,42.0469559,-87.6759768,1,0,0
2023 PRATT CT,,42.05478799999999,-87.6855549,1,1,0
1621 CHICAGO AVE,,42.0469455,-87.6789864,1,0,0
MAPLE AVE AND DAVIS ST,,42.0470486,-87.68496689999999,1,0,0
1907 SHERMAN AVE,,42.0524624,-87.68161719999999,2,0,0
722 SIMPSON ST,,42.055373,-87.68090389999999,1,0,0
CAMPUS DR AND SHERIDAN RD,,42.050169,-87.6743965,1,0,0
2137 MAPLE AVE,,42.05710699999999,-87.684293,2,0,1
615 GARRETT PL,,42.0564529,-87.6778935,5,0,1
2114 MAPLE AVE,,42.056344,-87.68508299999999,5,0,1
2014 MAPLE AVE,,42.0545307,-87.6849294,1,0,0
1828 CHICAGO AVE,,42.0505569,-87.67754269999999,1,0,0
600 LIBRARY PL,,42.0550065,-87.6778702,1,0,0
1820 SHERIDAN RD,Arts Residential College,42.049351,-87.6748818,46,28,1
584 LINCOLN ST,NU Residence II,42.0614708,-87.67611649999999,9,5,0
1119 GARNETT PL,,42.0533404,-87.6870855,1,0,0
2146 MAPLE AVE,,42.05742499999999,-87.68504600000001,6,0,4
1815 HINMAN AVE,,42.0495027,-87.67613399999999,1,0,0
1642 ORRINGTON AVE,,42.0480849,-87.6811688,1,0,0
1457 ELMWOOD AVE,,42.0444732,-87.6835225,1,1,0
1916 MAPLE AVE,,42.052737,-87.68496999999999,1,0,1
2225 CAMPUS DR,,42.0562473,-87.67350030000001,2,0,0
825 SIMPSON ST,,42.055958,-87.68287169999999,1,0,1
RIDGE AVE AND DAVIS ST,,42.0470795,-87.68870690000001,1,0,0
1500 MAPLE AVE,,42.0448051,-87.6854764,1,2,0
2137 TECH DR,Catalysis ,42.0570876,-87.6757308,4,0,2
1200 EMERSON ST,,42.0521521,-87.6881208,1,0,0
2120 CAMPUS DR,Annenberg,42.0560662,-87.6745112,38,2,1
714 FOSTER ST,,42.0536381,-87.6806094,5,0,0
2119 RIDGE AVE,,42.056233,-87.686363,1,0,1
GARNETT PL AND MAPLE AVE,,42.053092,-87.6847135,1,0,0
1870 SHERIDAN RD,Millar Chapel,42.0502,-87.67696699999999,49,2,1
